[{"uid":"bf4c70c9-5efc-4e5b-b07f-a115043538b8","instrument":"OPTIDX","symbol":"BANKNIFTY","expirydt":"2018-12-19T18:30:00.000Z","strikepr":27300,"optiontyp":"CE","open":56.05,"high":78.2,"low":37.05,"close":50,"pclose":60.75,"vwap":56,"volume":197066,"openint":252420,"chginoi":89140,"tbq":57860,"tsq":67000,"tradedate":"2018-12-13T18:30:00.000Z","tradetime":"15:30:30","ts":"2018-12-14T10:00:30.000Z"},{"uid":"25d068a4-d25e-4fd0-8e11-22dc24ab5779","instrument":"OPTIDX","symbol":"BANKNIFTY","expirydt":"2018-12-19T18:30:00.000Z","strikepr":27200,"optiontyp":"CE","open":79,"high":104.7,"low":51.65,"close":70.5,"pclose":79.65,"vwap":77,"volume":275503,"openint":303720,"chginoi":126140,"tbq":62000,"tsq":93920,"tradedate":"2018-12-13T18:30:00.000Z","tradetime":"15:30:30","ts":"2018-12-14T10:00:30.000Z"},{"uid":"6a908b9a-1983-4d5a-9a8b-4afc44bf5f9c","instrument":"OPTIDX","symbol":"BANKNIFTY","expirydt":"2018-12-19T18:30:00.000Z","strikepr":27100,"optiontyp":"CE","open":71.3,"high":136.2,"low":71.25,"close":95,"pclose":104.55,"vwap":102,"volume":214518,"openint":205860,"chginoi":97540,"tbq":49500,"tsq":83480,"tradedate":"2018-12-13T18:30:00.000Z","tradetime":"15:30:30","ts":"2018-12-14T10:00:30.000Z"},{"uid":"8b4f1837-f3e7-4426-a382-37c0a7b7030b","instrument":"OPTIDX","symbol":"BANKNIFTY","expirydt":"2018-12-19T18:30:00.000Z","strikepr":27000,"optiontyp":"CE","open":110,"high":173,"low":95.5,"close":124.5,"pclose":134,"vwap":133,"volume":374199,"openint":511200,"chginoi":226280,"tbq":69020,"tsq":120840,"tradedate":"2018-12-13T18:30:00.000Z","tradetime":"15:30:30","ts":"2018-12-14T10:00:30.000Z"},{"uid":"9be53bc4-d592-4794-b5ea-294e49a528a0","instrument":"OPTIDX","symbol":"BANKNIFTY","expirydt":"2018-12-19T18:30:00.000Z","strikepr":26900,"optiontyp":"CE","open":168.7,"high":216.85,"low":122,"close":161,"pclose":168.65,"vwap":170,"volume":179182,"openint":211760,"chginoi":94120,"tbq":46400,"tsq":93000,"tradedate":"2018-12-13T18:30:00.000Z","tradetime":"15:30:30","ts":"2018-12-14T10:00:30.000Z"},{"uid":"93e0e4db-6cb9-4932-9f33-bb4fd3b49826","instrument":"OPTIDX","symbol":"BANKNIFTY","expirydt":"2018-12-19T18:30:00.000Z","strikepr":26800,"optiontyp":"CE","open":208.95,"high":265.1,"low":157,"close":199.9,"pclose":209.85,"vwap":210,"volume":152256,"openint":232400,"chginoi":108120,"tbq":46400,"tsq":51100,"tradedate":"2018-12-13T18:30:00.000Z","tradetime":"15:30:30","ts":"2018-12-14T10:00:30.000Z"},{"uid":"9acb4f6f-d173-4abc-b4f9-47e4c0914132","instrument":"OPTIDX","symbol":"BANKNIFTY","expirydt":"2018-12-19T18:30:00.000Z","strikepr":26700,"optiontyp":"CE","open":214.85,"high":322.45,"low":200,"close":252,"pclose":262.35,"vwap":260,"volume":56507,"openint":90740,"chginoi":10700,"tbq":46040,"tsq":35240,"tradedate":"2018-12-13T18:30:00.000Z","tradetime":"15:30:30","ts":"2018-12-14T10:00:30.000Z"},{"uid":"b77386ef-1db4-44d6-b0fe-67ae9d398102","instrument":"OPTIDX","symbol":"BANKNIFTY","expirydt":"2018-12-19T18:30:00.000Z","strikepr":26600,"optiontyp":"CE","open":307.65,"high":384.55,"low":250.05,"close":300.05,"pclose":321.5,"vwap":315,"volume":19763,"openint":74480,"chginoi":-12100,"tbq":65240,"tsq":30080,"tradedate":"2018-12-13T18:30:00.000Z","tradetime":"15:30:30","ts":"2018-12-14T10:00:30.000Z"},{"uid":"7ef22694-5390-4eb3-9d13-8670046f3367","instrument":"OPTIDX","symbol":"BANKNIFTY","expirydt":"2018-12-19T18:30:00.000Z","strikepr":26500,"optiontyp":"CE","open":334.85,"high":455.45,"low":310,"close":372.5,"pclose":389.35,"vwap":388,"volume":7164,"openint":100060,"chginoi":-5780,"tbq":48200,"tsq":30200,"tradedate":"2018-12-13T18:30:00.000Z","tradetime":"15:30:30","ts":"2018-12-14T10:00:30.000Z"},{"uid":"d3cd9c98-4454-4fd5-ad0a-101561b66cfb","instrument":"OPTIDX","symbol":"BANKNIFTY","expirydt":"2018-12-19T18:30:00.000Z","strikepr":26400,"optiontyp":"CE","open":402.3,"high":526.55,"low":385,"close":453.35,"pclose":465.5,"vwap":453,"volume":2366,"openint":66400,"chginoi":-1740,"tbq":62180,"tsq":27860,"tradedate":"2018-12-13T18:30:00.000Z","tradetime":"15:30:30","ts":"2018-12-14T10:00:30.000Z"},{"uid":"f6ba24ae-bc7a-42a8-b0f6-0280551733bf","instrument":"OPTIDX","symbol":"BANKNIFTY","expirydt":"2018-12-19T18:30:00.000Z","strikepr":26300,"optiontyp":"CE","open":484,"high":610,"low":461,"close":536.05,"pclose":547.25,"vwap":540,"volume":1394,"openint":22260,"chginoi":-6000,"tbq":38400,"tsq":27580,"tradedate":"2018-12-13T18:30:00.000Z","tradetime":"15:30:30","ts":"2018-12-14T10:00:30.000Z"}]