[{"uid":"5808a36e-efc1-4570-ac4e-f81749346476","instrument":"OPTIDX","symbol":"BANKNIFTY","expirydt":"2018-12-19T18:30:00.000Z","strikepr":27300,"optiontyp":"PE","open":571.45,"high":612.4,"low":492.45,"close":549,"pclose":540.6,"vwap":547,"volume":279,"openint":1200,"chginoi":720,"tbq":4040,"tsq":100,"tradedate":"2018-12-13T18:30:00.000Z","tradetime":"15:30:30","ts":"2018-12-14T10:00:30.000Z"},{"uid":"4026e1cd-1166-4801-a362-f6aee2fa3406","instrument":"OPTIDX","symbol":"BANKNIFTY","expirydt":"2018-12-19T18:30:00.000Z","strikepr":27200,"optiontyp":"PE","open":509,"high":519.25,"low":421.85,"close":463.6,"pclose":444.2,"vwap":463,"volume":491,"openint":1920,"chginoi":800,"tbq":6520,"tsq":320,"tradedate":"2018-12-13T18:30:00.000Z","tradetime":"15:30:30","ts":"2018-12-14T10:00:30.000Z"},{"uid":"b03dcd17-257d-4169-9f57-4ea7738efaef","instrument":"OPTIDX","symbol":"BANKNIFTY","expirydt":"2018-12-19T18:30:00.000Z","strikepr":27100,"optiontyp":"PE","open":416.55,"high":449.95,"low":349.7,"close":371.85,"pclose":371.55,"vwap":394,"volume":2493,"openint":4660,"chginoi":-5840,"tbq":7300,"tsq":860,"tradedate":"2018-12-13T18:30:00.000Z","tradetime":"15:30:30","ts":"2018-12-14T10:00:30.000Z"},{"uid":"e5a3d82a-bd75-4ea0-b667-1004ac6cb1a1","instrument":"OPTIDX","symbol":"BANKNIFTY","expirydt":"2018-12-19T18:30:00.000Z","strikepr":27000,"optiontyp":"PE","open":304.3,"high":375,"low":276,"close":310,"pclose":307.1,"vwap":324,"volume":28129,"openint":142400,"chginoi":39460,"tbq":42800,"tsq":36840,"tradedate":"2018-12-13T18:30:00.000Z","tradetime":"15:30:30","ts":"2018-12-14T10:00:30.000Z"},{"uid":"1f541d26-dacf-4493-88e5-ce50fb692407","instrument":"OPTIDX","symbol":"BANKNIFTY","expirydt":"2018-12-19T18:30:00.000Z","strikepr":26900,"optiontyp":"PE","open":259,"high":307.4,"low":222.75,"close":252,"pclose":240.45,"vwap":265,"volume":63000,"openint":126400,"chginoi":29460,"tbq":40340,"tsq":36160,"tradedate":"2018-12-13T18:30:00.000Z","tradetime":"15:30:30","ts":"2018-12-14T10:00:30.000Z"},{"uid":"abb453fe-c561-44ba-8341-bf15e4fa1352","instrument":"OPTIDX","symbol":"BANKNIFTY","expirydt":"2018-12-19T18:30:00.000Z","strikepr":26800,"optiontyp":"PE","open":191.3,"high":249,"low":170.6,"close":198,"pclose":194.45,"vwap":211,"volume":172585,"openint":237160,"chginoi":107060,"tbq":50160,"tsq":75880,"tradedate":"2018-12-13T18:30:00.000Z","tradetime":"15:30:30","ts":"2018-12-14T10:00:30.000Z"},{"uid":"6ab74a34-c05b-4517-a65d-0c505a1787fb","instrument":"OPTIDX","symbol":"BANKNIFTY","expirydt":"2018-12-19T18:30:00.000Z","strikepr":26700,"optiontyp":"PE","open":153.05,"high":197.95,"low":128.55,"close":154.45,"pclose":148.5,"vwap":166,"volume":194906,"openint":219520,"chginoi":71780,"tbq":59900,"tsq":78140,"tradedate":"2018-12-13T18:30:00.000Z","tradetime":"15:30:30","ts":"2018-12-14T10:00:30.000Z"},{"uid":"ebd393ef-039e-434f-a742-7eede1c8acee","instrument":"OPTIDX","symbol":"BANKNIFTY","expirydt":"2018-12-19T18:30:00.000Z","strikepr":26600,"optiontyp":"PE","open":150,"high":154.6,"low":94.1,"close":112.85,"pclose":112.4,"vwap":126,"volume":219372,"openint":296480,"chginoi":127060,"tbq":55180,"tsq":77640,"tradedate":"2018-12-13T18:30:00.000Z","tradetime":"15:30:30","ts":"2018-12-14T10:00:30.000Z"},{"uid":"6ee89cce-aa28-4f33-bdac-d487e3d2fd82","instrument":"OPTIDX","symbol":"BANKNIFTY","expirydt":"2018-12-19T18:30:00.000Z","strikepr":26500,"optiontyp":"PE","open":100.45,"high":118.6,"low":70.6,"close":84.1,"pclose":83,"vwap":94,"volume":365908,"openint":605900,"chginoi":181480,"tbq":67860,"tsq":129620,"tradedate":"2018-12-13T18:30:00.000Z","tradetime":"15:30:30","ts":"2018-12-14T10:00:30.000Z"},{"uid":"711ab1ad-68c1-45e2-a798-21b0062aebd0","instrument":"OPTIDX","symbol":"BANKNIFTY","expirydt":"2018-12-19T18:30:00.000Z","strikepr":26400,"optiontyp":"PE","open":68.3,"high":90,"low":51.85,"close":63.5,"pclose":59.6,"vwap":70,"volume":217697,"openint":340900,"chginoi":113420,"tbq":53120,"tsq":80480,"tradedate":"2018-12-13T18:30:00.000Z","tradetime":"15:30:30","ts":"2018-12-14T10:00:30.000Z"},{"uid":"ef601f81-6f47-4681-b5c4-363c0b6d705f","instrument":"OPTIDX","symbol":"BANKNIFTY","expirydt":"2018-12-19T18:30:00.000Z","strikepr":26300,"optiontyp":"PE","open":63.9,"high":67.75,"low":38.6,"close":47.5,"pclose":44.35,"vwap":52,"volume":188069,"openint":248740,"chginoi":82740,"tbq":55800,"tsq":67980,"tradedate":"2018-12-13T18:30:00.000Z","tradetime":"15:30:30","ts":"2018-12-14T10:00:30.000Z"}]