[{"uid":"6a5c8f61-69d3-468c-afda-5f854c2409c8","instrument":"OPTIDX","symbol":"NIFTY","expirydt":"2018-12-26T18:30:00.000Z","strikepr":11300,"optiontyp":"CE","open":4,"high":5.2,"low":3.05,"close":3.3,"pclose":5.5,"vwap":4,"volume":27059,"openint":1423650,"chginoi":40800,"tbq":136350,"tsq":170700,"tradedate":"2018-12-13T18:30:00.000Z","tradetime":"15:30:30","ts":"2018-12-14T10:00:30.000Z"},{"uid":"90220c2e-abf8-4488-aa2f-c96b718eaf32","instrument":"OPTIDX","symbol":"NIFTY","expirydt":"2018-12-26T18:30:00.000Z","strikepr":11200,"optiontyp":"CE","open":9.45,"high":11.05,"low":5.55,"close":8.1,"pclose":11.1,"vwap":9,"volume":40993,"openint":2557125,"chginoi":22200,"tbq":283950,"tsq":238050,"tradedate":"2018-12-13T18:30:00.000Z","tradetime":"15:30:30","ts":"2018-12-14T10:00:30.000Z"},{"uid":"8cf520e4-c1f1-4452-b359-b15c4453e616","instrument":"OPTIDX","symbol":"NIFTY","expirydt":"2018-12-26T18:30:00.000Z","strikepr":11100,"optiontyp":"CE","open":20,"high":23.45,"low":12.4,"close":16.75,"pclose":22.75,"vwap":18,"volume":73928,"openint":2020425,"chginoi":-256275,"tbq":213675,"tsq":158775,"tradedate":"2018-12-13T18:30:00.000Z","tradetime":"15:30:30","ts":"2018-12-14T10:00:30.000Z"},{"uid":"7dc99f40-ef5c-4822-bb50-31f36b6f0ef0","instrument":"OPTIDX","symbol":"NIFTY","expirydt":"2018-12-26T18:30:00.000Z","strikepr":11000,"optiontyp":"CE","open":35,"high":45.4,"low":25.95,"close":38.45,"pclose":44.3,"vwap":37,"volume":152120,"openint":5137200,"chginoi":194850,"tbq":323700,"tsq":345375,"tradedate":"2018-12-13T18:30:00.000Z","tradetime":"15:30:30","ts":"2018-12-14T10:00:30.000Z"},{"uid":"97c1f81c-1dd1-4005-9a98-26f7d5da2a3a","instrument":"OPTIDX","symbol":"NIFTY","expirydt":"2018-12-26T18:30:00.000Z","strikepr":10900,"optiontyp":"CE","open":60.7,"high":79.55,"low":50.3,"close":70.05,"pclose":76.8,"vwap":68,"volume":158552,"openint":3241275,"chginoi":62550,"tbq":214725,"tsq":243150,"tradedate":"2018-12-13T18:30:00.000Z","tradetime":"15:30:30","ts":"2018-12-14T10:00:30.000Z"},{"uid":"9d0574f2-e577-41a4-b45c-f9e3c58e479d","instrument":"OPTIDX","symbol":"NIFTY","expirydt":"2018-12-26T18:30:00.000Z","strikepr":10800,"optiontyp":"CE","open":102.95,"high":129.9,"low":92.55,"close":118.4,"pclose":126.65,"vwap":113,"volume":131036,"openint":3114000,"chginoi":284250,"tbq":195600,"tsq":156750,"tradedate":"2018-12-13T18:30:00.000Z","tradetime":"15:30:30","ts":"2018-12-14T10:00:30.000Z"},{"uid":"a6a085aa-3f4d-4a85-858d-249858b917f4","instrument":"OPTIDX","symbol":"NIFTY","expirydt":"2018-12-26T18:30:00.000Z","strikepr":10700,"optiontyp":"CE","open":162.55,"high":196.9,"low":152,"close":183.6,"pclose":192.1,"vwap":177,"volume":42511,"openint":1558500,"chginoi":-1950,"tbq":149925,"tsq":117375,"tradedate":"2018-12-13T18:30:00.000Z","tradetime":"15:30:30","ts":"2018-12-14T10:00:30.000Z"},{"uid":"20715233-3fa7-46f0-bb21-2c9806f5ca71","instrument":"OPTIDX","symbol":"NIFTY","expirydt":"2018-12-26T18:30:00.000Z","strikepr":10600,"optiontyp":"CE","open":235.85,"high":272.2,"low":224,"close":260.25,"pclose":268,"vwap":252,"volume":10787,"openint":1341225,"chginoi":-49275,"tbq":151500,"tsq":64575,"tradedate":"2018-12-13T18:30:00.000Z","tradetime":"15:30:30","ts":"2018-12-14T10:00:30.000Z"},{"uid":"f0f17306-95c4-4010-98ab-6c91ef0dff2a","instrument":"OPTIDX","symbol":"NIFTY","expirydt":"2018-12-26T18:30:00.000Z","strikepr":10500,"optiontyp":"CE","open":316,"high":360.9,"low":304.45,"close":342.4,"pclose":351.6,"vwap":336,"volume":4978,"openint":1045500,"chginoi":-71700,"tbq":132450,"tsq":70800,"tradedate":"2018-12-13T18:30:00.000Z","tradetime":"15:30:30","ts":"2018-12-14T10:00:30.000Z"},{"uid":"2cc732c0-bfab-4ae3-a1aa-1d674f66e982","instrument":"OPTIDX","symbol":"NIFTY","expirydt":"2018-12-26T18:30:00.000Z","strikepr":10400,"optiontyp":"CE","open":413.65,"high":447,"low":391.9,"close":432.45,"pclose":444.4,"vwap":427,"volume":1812,"openint":503550,"chginoi":-19875,"tbq":165450,"tsq":67650,"tradedate":"2018-12-13T18:30:00.000Z","tradetime":"15:30:30","ts":"2018-12-14T10:00:30.000Z"},{"uid":"963f3e6b-f151-4ff5-87f3-930b0523bd1e","instrument":"OPTIDX","symbol":"NIFTY","expirydt":"2018-12-26T18:30:00.000Z","strikepr":10300,"optiontyp":"CE","open":488.45,"high":538.4,"low":484.3,"close":524.6,"pclose":529.5,"vwap":516,"volume":282,"openint":130125,"chginoi":-3900,"tbq":105300,"tsq":65325,"tradedate":"2018-12-13T18:30:00.000Z","tradetime":"15:30:30","ts":"2018-12-14T10:00:30.000Z"}]