[{"uid":"a1f84453-245e-409a-a590-d13ff841791c","instrument":"OPTIDX","symbol":"NIFTY","expirydt":"2018-12-26T18:30:00.000Z","strikepr":11300,"optiontyp":"PE","open":506.75,"high":507.2,"low":461.9,"close":477.9,"pclose":476.85,"vwap":486,"volume":618,"openint":188775,"chginoi":-27825,"tbq":1429575,"tsq":64800,"tradedate":"2018-12-13T18:30:00.000Z","tradetime":"15:30:30","ts":"2018-12-14T10:00:30.000Z"},{"uid":"bd3b3f71-0686-40cc-ab5a-00684394358e","instrument":"OPTIDX","symbol":"NIFTY","expirydt":"2018-12-26T18:30:00.000Z","strikepr":11200,"optiontyp":"PE","open":418,"high":425,"low":369,"close":375,"pclose":378.45,"vwap":390,"volume":338,"openint":203175,"chginoi":12975,"tbq":1128750,"tsq":65175,"tradedate":"2018-12-13T18:30:00.000Z","tradetime":"15:30:30","ts":"2018-12-14T10:00:30.000Z"},{"uid":"e79901ad-c8cc-408e-baea-ac11f42456e1","instrument":"OPTIDX","symbol":"NIFTY","expirydt":"2018-12-26T18:30:00.000Z","strikepr":11100,"optiontyp":"PE","open":325,"high":339.1,"low":283,"close":289.1,"pclose":288.35,"vwap":300,"volume":1303,"openint":107250,"chginoi":12000,"tbq":105525,"tsq":67050,"tradedate":"2018-12-13T18:30:00.000Z","tradetime":"15:30:30","ts":"2018-12-14T10:00:30.000Z"},{"uid":"fea61750-0845-4157-90da-717eeca7cd41","instrument":"OPTIDX","symbol":"NIFTY","expirydt":"2018-12-26T18:30:00.000Z","strikepr":11000,"optiontyp":"PE","open":238.3,"high":253.95,"low":205.05,"close":212.75,"pclose":215.15,"vwap":226,"volume":13661,"openint":1856925,"chginoi":13275,"tbq":117525,"tsq":78525,"tradedate":"2018-12-13T18:30:00.000Z","tradetime":"15:30:30","ts":"2018-12-14T10:00:30.000Z"},{"uid":"6d26d72d-a412-4e70-b61c-98775a024c5d","instrument":"OPTIDX","symbol":"NIFTY","expirydt":"2018-12-26T18:30:00.000Z","strikepr":10900,"optiontyp":"PE","open":167.9,"high":177.85,"low":140.1,"close":146.55,"pclose":148.55,"vwap":159,"volume":33739,"openint":795525,"chginoi":-18750,"tbq":339450,"tsq":146175,"tradedate":"2018-12-13T18:30:00.000Z","tradetime":"15:30:30","ts":"2018-12-14T10:00:30.000Z"},{"uid":"88024abc-c2f1-4200-b10e-fcb1055ea6d3","instrument":"OPTIDX","symbol":"NIFTY","expirydt":"2018-12-26T18:30:00.000Z","strikepr":10800,"optiontyp":"PE","open":118.85,"high":122.5,"low":90.9,"close":99.75,"pclose":103.2,"vwap":108,"volume":154797,"openint":3435000,"chginoi":613725,"tbq":250650,"tsq":272475,"tradedate":"2018-12-13T18:30:00.000Z","tradetime":"15:30:30","ts":"2018-12-14T10:00:30.000Z"},{"uid":"065b9ac4-b41d-4cd6-9c4f-f98dd6a5d384","instrument":"OPTIDX","symbol":"NIFTY","expirydt":"2018-12-26T18:30:00.000Z","strikepr":10700,"optiontyp":"PE","open":78.8,"high":83.85,"low":61.05,"close":66.9,"pclose":70.4,"vwap":74,"volume":138007,"openint":3565575,"chginoi":546975,"tbq":188025,"tsq":342675,"tradedate":"2018-12-13T18:30:00.000Z","tradetime":"15:30:30","ts":"2018-12-14T10:00:30.000Z"},{"uid":"131f2897-1439-4ebd-b0d8-96f09b89c3b9","instrument":"OPTIDX","symbol":"NIFTY","expirydt":"2018-12-26T18:30:00.000Z","strikepr":10600,"optiontyp":"PE","open":54.35,"high":57.2,"low":42.25,"close":44,"pclose":48.15,"vwap":50,"volume":96931,"openint":3352950,"chginoi":199725,"tbq":144675,"tsq":258000,"tradedate":"2018-12-13T18:30:00.000Z","tradetime":"15:30:30","ts":"2018-12-14T10:00:30.000Z"},{"uid":"4a07cc19-73a5-4b1a-a066-146bcedfb49b","instrument":"OPTIDX","symbol":"NIFTY","expirydt":"2018-12-26T18:30:00.000Z","strikepr":10500,"optiontyp":"PE","open":39.85,"high":39.9,"low":28.3,"close":29.5,"pclose":33.5,"vwap":34,"volume":87311,"openint":4026600,"chginoi":123225,"tbq":170775,"tsq":330150,"tradedate":"2018-12-13T18:30:00.000Z","tradetime":"15:30:30","ts":"2018-12-14T10:00:30.000Z"},{"uid":"357d8cb9-d14a-4987-860a-d052f0dc1662","instrument":"OPTIDX","symbol":"NIFTY","expirydt":"2018-12-26T18:30:00.000Z","strikepr":10400,"optiontyp":"PE","open":27.15,"high":27.5,"low":19.15,"close":19.65,"pclose":23.6,"vwap":23,"volume":54198,"openint":2867325,"chginoi":149025,"tbq":168150,"tsq":150300,"tradedate":"2018-12-13T18:30:00.000Z","tradetime":"15:30:30","ts":"2018-12-14T10:00:30.000Z"},{"uid":"0c94b339-2165-422d-9b65-adfab6be6f0b","instrument":"OPTIDX","symbol":"NIFTY","expirydt":"2018-12-26T18:30:00.000Z","strikepr":10300,"optiontyp":"PE","open":15,"high":19.25,"low":12.65,"close":13.1,"pclose":17.1,"vwap":16,"volume":42900,"openint":2222025,"chginoi":-24525,"tbq":159600,"tsq":127875,"tradedate":"2018-12-13T18:30:00.000Z","tradetime":"15:30:30","ts":"2018-12-14T10:00:30.000Z"}]